SolarEnergy,WindEnergy,HydroEnergy,OtherRenewableEnergy,TotalRenewableEnergy,Year,Country,TotalRenewableEnergyPerCapita,SolarToWindRatio,HydroToOtherRatio,YearlyGrowthRate,SolarEnergy,WindEnergy,SolarEnergy_WindEnergy,SolarEnergy,WindEnergy,SolarEnergy_WindEnergy
-0.3378855351513357,1.546596067223787,0.9376052718121548,0.2517203910310384,1.4234776428988538,2000,USA,1.4234776428988538e-06,-0.21847030639845696,3.724773917591072,0.0,-0.3378855351513357,1.546596067223787,-0.5225724398368604,-0.3378855351513357,1.546596067223787,-0.5225724398368604
-1.0646282819844015,-1.2140406171331242,-1.3585628600300552,1.1907970526810503,-1.827414061915624,2001,USA,-1.8274140619156241e-06,0.876930428760185,-1.140884348081765,-228.37673082059587,-1.0646282819844015,-1.2140406171331242,1.2925019764777206,-1.0646282819844015,-1.2140406171331242,1.2925019764777206
0.4156406684441424,0.7037258267877522,-1.4863310149956863,1.5549371327040515,-0.2399036552221929,2002,USA,-2.399036552221929e-07,0.5906278581724466,-0.9558779116252961,-86.8719596602694,0.4156406684441424,0.7037258267877522,0.2924970730474681,0.4156406684441424,0.7037258267877522,0.2924970730474681
1.1849731742763463,-1.0183150975360034,-0.9369474855013292,-1.2059602483085037,-0.9838767786978756,2003,USA,-9.838767786978756e-07,-1.163661759317292,0.7769312991425752,310.11329226586105,1.1849731742763463,-1.0183150975360034,-1.2066760735407651,1.1849731742763463,-1.0183150975360034,-1.2066760735407651
-0.5716770681034398,0.0669362478659044,-0.0847307053491652,-0.8274596539536275,-0.4007708432014719,2004,USA,-4.0077084320147186e-07,-8.540492570723586,0.10239871798345308,-59.26615488050473,-0.5716770681034398,0.0669362478659044,-0.03826591792982535,-0.5716770681034398,0.0669362478659044,-0.03826591792982535
0.4513519341211669,-1.2713593441088713,-0.5610628530240008,-0.5637186822822698,-1.0175456610326334,2005,USA,-1.0175456610326334e-06,-0.3550155125127459,0.9952904985213155,153.89712807054235,0.4513519341211669,-1.2713593441088713,-0.5738304989265572,0.4513519341211669,-1.2713593441088713,-0.5738304989265572
-0.0667394732622043,0.9715616514089472,-0.8761324508008991,-0.0446363078488256,-0.1403015338712667,2006,USA,-1.403015338712667e-07,-0.0686929177088267,19.628686190946727,-86.21177021885339,-0.0667394732622043,0.9715616514089472,-0.06484151285679048,-0.0667394732622043,0.9715616514089472,-0.06484151285679048
0.3867053719951298,-1.5945665425470243,0.5135784811272248,-1.2511747211411384,-0.5712251426361943,2007,USA,-5.712251426361942e-07,-0.24251456693177958,-0.4104773561410907,307.1410531835813,0.3867053719951298,-1.5945665425470243,-0.6166274480066349,0.3867053719951298,-1.5945665425470243,-0.6166274480066349
-1.367159833678397,1.5402434290872369,1.7336642071707002,0.9879741059670382,1.7271493667636315,2008,USA,1.7271493667636314e-06,-0.8876252417212693,1.7547650712046792,-402.35877902587873,-1.367159833678397,1.5402434290872369,-2.105758950335151,-1.367159833678397,1.5402434290872369,-2.105758950335151
-0.5704414734006567,-1.4166365223257165,0.7748728030639597,-0.304688765255466,-0.4857817263052342,2009,USA,-4.857817263052342e-07,0.4026734219287064,-2.543170062684552,-128.12621396002953,-0.5704414734006567,-1.4166365223257165,0.808108225068664,-0.5704414734006567,-1.4166365223257165,0.808108225068664
-1.1776378290678375,-0.0358148269751264,-1.4392975075992065,1.3422478538738205,-1.2659310465120783,2010,USA,-1.2659310465120784e-06,32.882211384048304,-1.0723030259592303,160.59667911770072,-1.1776378290678375,-0.0358148269751264,0.04217689508742808,-1.1776378290678375,-0.0358148269751264,0.04217689508742808
-0.7228721311188844,0.5454967084709234,-0.494395515504893,-0.0241584769820655,-0.3477788117560589,2011,USA,-3.477788117560589e-07,-1.3251607108399348,20.46552774827984,-72.52782347709483,-0.7228721311188844,0.5454967084709234,-0.39432436817071315,-0.7228721311188844,0.5454967084709234,-0.39432436817071315
0.234705389433367,-1.1137891861407894,1.7471316101263272,0.8712044741065678,0.9083287959908394,2012,USA,9.083287959908393e-07,-0.21072713138268,2.0054185402336144,-361.18002744456004,0.234705389433367,-1.1137891861407894,-0.2614123246798469,0.234705389433367,-1.1137891861407894,-0.2614123246798469
1.5410131876002418,1.3524602427919836,0.4807161710370135,1.386316015440211,1.9327883360619504,2013,USA,1.9327883360619503e-06,1.139413935750955,0.3467577514255402,112.78509991016983,1.5410131876002418,1.3524602427919836,2.0841590698474715,1.5410131876002418,1.3524602427919836,2.0841590698474715
-1.289201773135777,-1.075132179171388,-1.4023673225206852,-0.7077530446576468,-2.2224465361523595,2014,USA,-2.2224465361523596e-06,1.1991111392838358,1.9814387441283017,-214.9865453286306,-1.289201773135777,-1.075132179171388,1.3860623117430853,-1.289201773135777,-1.075132179171388,1.3860623117430853
-0.2908691665762882,-0.813330956242125,1.2672329485472065,-0.5974477962368842,0.2488036247222541,2015,USA,2.488036247222541e-07,0.357627509406155,-2.1210808335220466,-111.19503307166158,-0.2908691665762882,-0.813330956242125,0.23657289739284243,-0.2908691665762882,-0.813330956242125,0.23657289739284243
-0.6491922223313088,0.1292536344153951,-1.076305760262171,0.9662087382176228,-0.779124361989099,2016,USA,-7.79124361989099e-07,-5.022583718313357,-1.1139462972580296,-413.14831641173055,-0.6491922223313088,0.1292536344153951,-0.08391045417052889,-0.6491922223313088,0.1292536344153951,-0.08391045417052889
-1.335568585786375,1.6722497776557397,1.0747491369326778,-1.1522129035422164,0.9412447948993362,2017,USA,9.412447948993362e-07,-0.7986652502315797,-0.9327703815839805,-220.80803024774437,-1.335568585786375,1.6722497776557397,-2.233404270625256,-1.335568585786375,1.6722497776557397,-2.233404270625256
-1.56513860959113,1.0767649857650772,0.8519590772836664,0.7092879630285464,0.7141848970555719,2018,USA,7.141848970555719e-07,-1.4535550252165965,1.2011452619337855,-24.123362920487423,-1.56513860959113,1.0767649857650772,-1.6852864526767657,-1.56513860959113,1.0767649857650772,-1.6852864526767657
0.9815308335996308,-1.498711789923373,-0.3350916166626681,-1.4430323162357517,-0.9333338503265168,2019,USA,-9.333338503265168e-07,-0.6549167726014804,0.23221368302441148,-230.68518449136187,0.9815308335996308,-1.498711789923373,-1.471031832489083,0.9815308335996308,-1.498711789923373,-1.471031832489083
1.2869425702745674,0.4092428362533802,-0.4290211498667195,-1.6266604397437754,0.1136579001240154,2020,USA,1.136579001240154e-07,3.144684064289161,0.26374368191924497,-112.1776254106988,1.2869425702745674,0.4092428362533802,0.526672027554379,1.2869425702745674,0.4092428362533802,0.526672027554379
-0.5492614072500912,-0.6263255247018142,0.9294696102074936,0.3882688745465094,0.1881092740707441,2021,USA,1.881092740707441e-07,0.8769597638086871,2.393875165548431,65.50479453297366,-0.5492614072500912,-0.6263255247018142,0.34401643909437024,-0.5492614072500912,-0.6263255247018142,0.34401643909437024
1.3671235720289656,-0.1155784104514119,-1.1489819249713755,0.6539567229492583,-0.2345837347292328,2022,USA,-2.345837347292328e-07,-11.828639927900936,-1.7569666733036302,-224.70609750001512,1.3671235720289656,-0.1155784104514119,-0.15800996934576417,1.3671235720289656,-0.1155784104514119,-0.15800996934576417
0.946659596338718,0.1937992855729541,1.070396094986494,-0.116383494357426,1.2222578444211567,2023,USA,1.2222578444211567e-06,4.88471724146329,-9.19722593072431,-621.032647822724,0.946659596338718,0.1937992855729541,0.18346195345122465,0.946659596338718,0.1937992855729541,0.18346195345122465
0.1549629404342468,-0.2707632040304255,-1.4698583056920356,-1.471036480453057,-1.4146926373671216,2000,China,-1.4146926373671215e-06,-0.572321166424076,0.999199764535483,0.0,0.1549629404342468,-0.2707632040304255,-0.041958262257952635,0.1549629404342468,-0.2707632040304255,-0.041958262257952635
-1.478978776208186,0.4547912849829559,-0.4853837133769723,-0.0645179591295799,-0.6926634196184661,2001,China,-6.926634196184661e-07,-3.2519873908230728,7.523350758086679,-51.03788615825562,-1.478978776208186,0.4547912849829559,-0.6726266580942405,-1.478978776208186,0.4547912849829559,-0.6726266580942405
1.4348145227648088,-0.8899501867347768,-0.1581977448194771,0.8024661967907075,0.1141338532895046,2002,China,1.1413385328950459e-07,-1.61224319787194,-0.1971392045084889,-116.4775344065913,1.4348145227648088,-0.8899501867347768,-1.2769134524643113,1.4348145227648088,-0.8899501867347768,-1.2769134524643113
-0.8225834617977055,-1.4885155153165397,-0.5692170232118172,-1.2838307952489911,-1.7706322934613266,2003,China,-1.7706322934613265e-06,0.5526203831628603,0.4433742115335631,-1651.3646849108427,-0.8225834617977055,-1.4885155153165397,1.2244282455286748,-0.8225834617977055,-1.4885155153165397,1.2244282455286748
1.5084167769251156,1.0512642127584468,0.6016857412117163,1.2093472238681062,1.8118820518360543,2004,China,1.8118820518360543e-06,1.4348584530511905,0.49752894107473983,-202.32966260284852,1.5084167769251156,1.0512642127584468,1.5857445755058153,1.5084167769251156,1.0512642127584468,1.5857445755058153
1.089290137578106,-1.1078296546734463,1.4846875022150825,0.0435004983530098,0.9032061987400288,2005,China,9.032061987400288e-07,-0.9832658985510672,34.12957158778783,-50.150938477216386,1.089290137578106,-1.1078296546734463,-1.206747916952344,1.089290137578106,-1.1078296546734463,-1.206747916952344
1.1018217366160548,1.3568508536796793,-0.4729558592907236,-1.4634524099280883,0.5512325050704541,2006,China,5.512325050704541e-07,0.8120427691704131,0.3231783823379308,-38.96936205271593,1.1018217366160548,1.3568508536796793,1.4950077639303205,1.1018217366160548,1.3568508536796793,1.4950077639303205
-0.8254535738743494,-0.2722681242710953,1.2306980859603784,1.171681302937266,0.6328144393354795,2007,China,6.328144393354795e-07,3.031778354012541,1.050368417168346,14.799913559995591,-0.8254535738743494,-0.2722681242710953,0.22474469623164112,-0.8254535738743494,-0.2722681242710953,0.22474469623164112
-1.5603827756135058,0.018272409036263,-0.1342514527476646,-1.070098690143888,-0.8931978133922738,2008,China,-8.931978133922738e-07,-85.3908962754008,0.12545719328635574,-241.14687622017973,-1.5603827756135058,0.018272409036263,-0.028511952329149364,-1.5603827756135058,0.018272409036263,-0.028511952329149364
-1.1848641928790509,-0.5831407191318246,1.6562439840221264,-0.7152209273287583,0.2822634281132736,2009,China,2.822634281132736e-07,2.031870157366524,-2.315712860809059,-131.60144638523755,-1.1848641928790509,-0.5831407191318246,0.6909425575090387,-1.1848641928790509,-0.5831407191318246,0.6909425575090387
0.1418522346638333,0.6861709527667837,-0.3174971059165469,1.5615092895208504,0.4857328297058453,2010,China,4.857328297058453e-07,0.2067298642736073,-0.20332693805941612,72.08493248757628,0.1418522346638333,0.6861709527667837,0.09733488301137988,0.1418522346638333,0.6861709527667837,0.09733488301137988
1.6173331424664774,-0.8813003839564009,0.1377733574712123,-0.7935878342771124,0.1079329055342397,2011,China,1.079329055342397e-07,-1.8351688108594992,-0.1736084213099524,-77.7793678060421,1.6173331424664774,-0.8813003839564009,-1.425356319441119,1.6173331424664774,-0.8813003839564009,-1.425356319441119
-0.6362019841932455,-1.6277873755753722,0.520459322965394,-0.0851996884184297,-0.7677810262611336,2012,China,-7.677810262611337e-07,0.39083874502166643,-6.108771538938517,-811.3502804921428,-0.6362019841932455,-1.6277873755753722,1.0356015581857676,-0.6362019841932455,-1.6277873755753722,1.0356015581857676
-1.4122993977937242,-0.7879816946392173,1.5382044953341356,-1.0088290182045423,-0.0561363507261466,2013,China,-5.61363507261466e-08,1.7923020289733822,-1.5247440273038302,-92.68849466109967,-1.4122993977937242,-0.7879816946392173,1.1128660728114448,-1.4122993977937242,-0.7879816946392173,1.1128660728114448
-1.1016228970021322,-0.0556989399601047,1.8018715908697944,-1.000076415681439,0.6513950992970233,2014,China,6.513950992970234e-07,19.778521392195156,-1.8017357117433201,-1260.380200834151,-1.1016228970021322,-0.0556989399601047,0.06135922759879837,-1.1016228970021322,-0.0556989399601047,0.06135922759879837
0.6518355704088951,0.8897334218441807,-0.7467811465490087,0.7065119217567556,0.3277345807390604,2015,China,3.277345807390604e-07,0.7326181323386531,-1.0569957371651824,-49.68728179061416,0.6518355704088951,0.8897334218441807,0.5799598925396596,0.6518355704088951,0.8897334218441807,0.5799598925396596
-0.3603574253055638,0.4405331072319774,0.6021148964320487,0.03097717451821,0.5358902295836209,2016,China,5.358902295836209e-07,-0.8180011930740383,19.436745573181067,63.513483494832144,-0.3603574253055638,0.4405331072319774,-0.15874937628397523,-0.3603574253055638,0.4405331072319774,-0.15874937628397523
-1.283224550693123,1.1456873641276846,-0.4634953759111718,-1.1950290626056217,-0.4367350421081983,2017,China,-4.367350421081983e-07,-1.120046769149268,0.3878531311646132,-181.49710854917717,-1.283224550693123,1.1456873641276846,-1.4701741530675365,-1.283224550693123,1.1456873641276846,-1.4701741530675365
-1.447896679890283,0.2966761929085769,0.7521511224139319,-1.7915427138068074,-0.1948806195686132,2018,China,-1.948806195686132e-07,-4.88037744221364,-0.41983455736327935,-55.377837640897894,-1.447896679890283,0.2966761929085769,-0.4295564747148176,-1.447896679890283,0.2966761929085769,-0.4295564747148176
0.1195779681250371,-0.9691387613154184,0.6417855577493597,-1.2376869415698628,-0.2433116355977065,2019,China,-2.433116355977065e-07,-0.12338593427907811,-0.5185366789698914,24.85163282849776,0.1195779681250371,-0.9691387613154184,-0.11588764390931304,0.1195779681250371,-0.9691387613154184,-0.11588764390931304
0.714366520744114,-0.412510820218174,1.6351882672207376,-1.3670269436997362,0.9796467437237476,2020,China,9.796467437237477e-07,-1.731756398832614,-1.1961647653849519,-502.63045428024816,0.714366520744114,-0.412510820218174,-0.29468391940855765,0.714366520744114,-0.412510820218174,-0.29468391940855765
-0.4492101433010269,-1.3617468049188777,1.5941775732850425,1.229983653184954,0.4640349674315745,2021,China,4.6403496743157453e-07,0.32987811798530736,1.2960954993682547,-52.6324187361941,-0.4492101433010269,-1.3617468049188777,0.6117104773773245,-0.4492101433010269,-1.3617468049188777,0.6117104773773245
-0.725660267138966,0.5366795707299503,1.227997631505925,0.0991693935929652,0.9080277180037648,2022,China,9.080277180037648e-07,-1.3521269572922687,12.382704020981468,95.68088220370169,-0.725660267138966,0.5366795707299503,-0.3894470406639214,-0.725660267138966,0.5366795707299503,-0.3894470406639214
0.177969483900695,-0.915794474014221,-1.2392445091422142,1.2997564956257446,-1.07579041419753,2023,China,-1.07579041419753e-06,-0.1943336450309007,-0.9534428640056448,-218.47550387146546,0.177969483900695,-0.915794474014221,-0.16298346989941934,0.177969483900695,-0.915794474014221,-0.16298346989941934
1.411040841241152,0.4432968942138678,-0.4013143444155391,-0.623928894638721,0.3856785657300854,2000,India,3.856785657300854e-07,3.1830533365006226,0.6432062869186447,0.0,1.411040841241152,0.4432968942138678,0.625510022531126,1.411040841241152,0.4432968942138678,0.625510022531126
0.8308266263949261,1.3603904389340982,1.4660411779468097,0.8878530197871956,2.2766029675822543,2001,India,2.2766029675822545e-06,0.6107261502953152,1.651218719827609,490.28506374801236,0.8308266263949261,1.3603904389340982,1.1302485989595294,0.8308266263949261,1.3603904389340982,1.1302485989595294
0.5517182178920305,-1.4636434644372731,-1.0057607841549698,1.3044548355694938,-1.056742161550808,2002,India,-1.0567421615508079e-06,-0.3769487639894007,-0.7710194218387464,-146.4174990807934,0.5517182178920305,-1.4636434644372731,-0.8075187638286497,0.5517182178920305,-1.4636434644372731,-0.8075187638286497
0.4333137402526584,-1.723974413194923,-1.2107301597542075,0.4793420559540068,-1.5432924815808595,2003,India,-1.5432924815808595e-06,-0.25134595286456735,-2.5258114094185973,46.04248204841388,0.4333137402526584,-1.723974413194923,-0.7470218010813741,0.4333137402526584,-1.723974413194923,-0.7470218010813741
-1.5666702174745148,-1.1973197417790966,0.3131956087296427,0.5790125075077083,-0.9248688206850704,2004,India,-9.248688206850704e-07,1.3084821633599408,0.5409124392930905,-40.07170826506663,-1.5666702174745148,-1.1973197417790966,1.8758051802395872,-1.5666702174745148,-1.1973197417790966,1.8758051802395872
0.5847413995601093,-0.9768728873542784,0.8700919430068423,-1.016947732562647,0.1389916603197872,2005,India,1.3899166031978722e-07,-0.5985855536735734,-0.8555924466311631,-115.02825667934542,0.5847413995601093,-0.9768728873542784,-0.5712180193438657,0.5847413995601093,-0.9768728873542784,-0.5712180193438657
-0.5013131513842,0.8371822046627966,0.6569821779347359,1.1312872694413592,0.9376959640329516,2006,India,9.376959640329516e-07,-0.5988093748083736,0.5807380803649277,574.6418899346429,-0.5013131513842,0.8371822046627966,-0.41969044930227883,-0.5013131513842,0.8371822046627966,-0.41969044930227883
0.6035371864708704,0.2182244440254076,-1.237295572963912,-0.558965829669393,-0.6400593840807657,2007,India,-6.400593840807657e-07,2.7656591061883766,2.2135481649099935,-168.25873296158,0.6035371864708704,0.2182244440254076,0.13170656696626445,0.6035371864708704,0.2182244440254076,0.13170656696626445
-0.701513029321145,-0.9083699027838212,1.7588045345876115,-0.4698667770360771,0.4144779631527313,2008,India,4.144779631527313e-07,0.772277680545054,-3.743206295385432,-164.75617317102416,-0.701513029321145,-0.9083699027838212,0.6372333222460325,-0.701513029321145,-0.9083699027838212,0.6372333222460325
1.383199512356728,0.4364785613615879,1.151638530818223,-0.0853468772071093,1.5876567257815937,2009,India,1.5876567257815936e-06,3.1689903372379433,-13.493780467257201,283.04973169262485,1.383199512356728,0.4364785613615879,0.6037369332295146,1.383199512356728,0.4364785613615879,0.6037369332295146
0.3351210730558145,-0.0450522087253972,-0.8912291904729092,0.6862775305778908,-0.4077740932168255,2010,India,-4.077740932168255e-07,-7.4386699610768305,-1.298640640444393,-125.684021400538,0.3351210730558145,-0.0450522087253972,-0.015097944531589637,0.3351210730558145,-0.0450522087253972,-0.015097944531589637
-0.64973147978184,-1.671455485647296,0.6428060421505043,-1.2280537028106142,-0.9198197606642884,2011,India,-9.198197606642884e-07,0.3887222089270481,-0.5234352244649841,125.57091682996963,-0.64973147978184,-1.671455485647296,1.0859972460790916,-0.64973147978184,-1.671455485647296,1.0859972460790916
1.544204697383844,1.5577615540621317,1.5606871232431194,-0.5503904416742489,2.4636732311387566,2012,India,2.4636732311387565e-06,0.9912965832674991,-2.8356051280627965,-367.84304235424406,1.544204697383844,1.5577615540621317,2.4055027091867003,1.544204697383844,1.5577615540621317,2.4055027091867003
-1.532099178232281,1.4687994487773646,-0.0975448591140614,1.5435108754009368,0.4097959882597549,2013,India,4.0979598825975486e-07,-1.0430955270388205,-0.06319670141101022,-83.36646341404865,-1.532099178232281,1.4687994487773646,-2.2503464284598276,-1.532099178232281,1.4687994487773646,-2.2503464284598276
1.6212331629633026,1.207196444264575,-0.5532117631402483,-0.4979494447503016,0.7938284087266454,2014,India,7.938284087266454e-07,1.3429726600779528,1.1109820082230777,93.7130746686242,1.6212331629633026,1.207196444264575,1.9571469096531091,1.6212331629633026,1.207196444264575,1.9571469096531091
1.2471444140620715,-0.6550230540868432,-0.9789662089273102,0.1047875125643803,-0.5516207865006231,2015,India,-5.516207865006231e-07,-1.9039731659122494,-9.342304656971343,-169.48866788295726,1.2471444140620715,-0.6550230540868432,-0.8169083429862847,1.2471444140620715,-0.6550230540868432,-0.8169083429862847
1.529891400294195,0.6618925367060201,0.385862920384055,-1.5086494876133028,0.9526689582513168,2016,India,9.526689582513168e-07,2.311385918508668,-0.25576728015317474,-272.70360029303225,1.529891400294195,0.6618925367060201,1.0126236998254499,1.529891400294195,0.6618925367060201,1.0126236998254499
0.4618423806528715,1.683250759068094,-1.0791685488857383,-0.0302607342050408,0.3064840707716655,2017,India,3.064840707716655e-07,0.2743751064953963,35.66351712058216,-67.8289013075186,0.4618423806528715,1.683250759068094,0.7773965378037615,0.4618423806528715,1.683250759068094,0.7773965378037615
1.33439951521255,0.8173028245212913,0.8184264634598424,0.6161830477004582,1.664048942502408,2018,India,1.664048942502408e-06,1.632684780343626,1.328217545576089,442.9479379834215,1.33439951521255,0.8173028245212913,1.090608492823059,1.33439951521255,0.8173028245212913,1.090608492823059
-0.3879342907726169,-0.7360655789345066,1.201213236637231,0.9939980046055416,0.4992376087111233,2019,India,4.992376087111233e-07,0.5270383902105068,1.2084652309223591,-69.99862227847899,-0.3879342907726169,-0.7360655789345066,0.2855450783260935,-0.3879342907726169,-0.7360655789345066,0.2855450783260935
1.300142023284933,1.4164226131319004,0.1857945057820251,-0.0892812553358017,1.3885067568903966,2020,India,1.3885067568903967e-06,0.917904792910185,-2.0810256991673373,178.12543219151507,1.300142023284933,1.4164226131319004,1.841550562063841,1.300142023284933,1.4164226131319004,1.841550562063841
1.0714080437843398,0.5018724623087507,0.8352961281646872,0.943727458824166,1.46394089697447,2021,India,1.46394089697447e-06,2.1348170888645503,0.885102192642808,5.4327528267136715,1.0714080437843398,0.5018724623087507,0.5377101930714484,1.0714080437843398,0.5018724623087507,0.5377101930714484
1.376410994291512,-0.581820754805532,-0.2767692809672186,-1.5198634426929656,-0.2568705245746774,2022,India,-2.568705245746774e-07,-2.365700000598235,0.18210153313402852,-117.54650922763017,1.376410994291512,-0.581820754805532,-0.8008244836213202,1.376410994291512,-0.581820754805532,-0.8008244836213202
0.3396981258098344,-1.6310689101792395,0.0299328360325826,0.055093003985001,-0.7157259908695423,2023,India,-7.157259908695422e-07,-0.20826730983414704,0.5433047857754472,178.6329774716781,0.3396981258098344,-1.6310689101792395,-0.5540710518545767,0.3396981258098344,-1.6310689101792395,-0.5540710518545767
-0.6305457284853474,0.2964688720000567,-1.452545745487779,-1.718666892148142,-1.448424537818465,2000,Germany,-1.448424537818465e-06,-2.126845889032619,0.8451588829008864,0.0,-0.6305457284853474,0.2964688720000567,-0.18693718086850497,-0.6305457284853474,0.2964688720000567,-0.18693718086850497
1.1522411041464,-0.5047197816368875,-1.1235426299532385,-0.0165226594033315,-0.6339633606324263,2001,Germany,-6.339633606324263e-07,-2.2829368473459404,68.00422418384213,-56.23083259917247,1.1522411041464,-0.5047197816368875,-0.5815588784778172,1.1522411041464,-0.5047197816368875,-0.5815588784778172
0.977284566891334,-1.006219881750947,0.5658645658670104,-1.550173343604519,-0.0410636856231723,2002,Germany,-4.10636856231723e-08,-0.9712445121192085,-0.36503332561800245,-93.52270364927585,0.977284566891334,-1.006219881750947,-0.9833631613344235,0.977284566891334,-1.006219881750947,-0.9833631613344235
-1.4116243752867477,0.089856569107416,0.2856015773061267,0.3878210615881491,-0.2251319486291378,2003,Germany,-2.251319486291378e-07,-15.709576714670387,0.7364242666767722,448.2507115778606,-1.4116243752867477,0.089856569107416,-0.1268437232316666,-1.4116243752867477,0.089856569107416,-0.1268437232316666
0.8312777773792143,1.633917736657673,0.2026873845572047,-0.7160860813087001,1.2192474872972945,2004,Germany,1.2192474872972945e-06,0.508763232056245,-0.2830493049607709,-641.570174611589,0.8312777773792143,1.633917736657673,1.3582395045492668,0.8312777773792143,1.633917736657673,1.3582395045492668
1.0610684115776587,-0.8151261087772644,-0.0607901307799821,-1.574363357050488,-0.3604851576268481,2005,Germany,-3.604851576268481e-07,-1.301724606630415,0.0386125408218412,-129.56620057720482,1.0610684115776587,-0.8151261087772644,-0.8649045654757699,1.0610684115776587,-0.8151261087772644,-0.8649045654757699
-1.4991940148425695,1.5880518578773957,1.2919101981237044,0.5933311942421254,1.310763096104275,2006,Germany,1.310763096104275e-06,-0.9440454122203492,2.1773809185828625,-463.6108362223046,-1.4991940148425695,1.5880518578773957,-2.3807978405894143,-1.4991940148425695,1.5880518578773957,-2.3807978405894143
-0.2234378773680644,-1.153945898697293,-1.023450007704951,-0.9713351017103384,-1.6253583065624675,2007,Germany,-1.6253583065624675e-06,0.19362958978397235,1.0536539445107984,-224.00092063876394,-0.2234378773680644,-1.153945898697293,0.2578352222025066,-0.2234378773680644,-1.153945898697293,0.2578352222025066
0.2430741997856962,0.7263861223564733,0.6929777932110917,-0.8671097438323376,0.8249050015689042,2008,Germany,8.249050015689042e-07,0.33463451141195744,-0.7991821073656299,-150.75219403858878,0.2430741997856962,0.7263861223564733,0.17656572542723453,0.2430741997856962,0.7263861223564733,0.17656572542723453
1.5921174340436322,0.8073273294759348,0.3323451432567704,0.2975733091346462,1.3507064026303488,2009,Germany,1.3507064026303488e-06,1.9720817118818703,1.116847567329447,63.74084289238298,1.5921174340436322,0.8073273294759348,1.2853599162385232,1.5921174340436322,0.8073273294759348,1.2853599162385232
-0.1880284711738451,-0.89537350136729,-0.3435860134149116,0.8105223174884677,-0.653750705136906,2010,Germany,-6.53750705136906e-07,0.21000027461946155,-0.42390638986126417,-148.40065197468527,-0.1880284711738451,-0.89537350136729,0.16835571059166424,-0.1880284711738451,-0.89537350136729,0.16835571059166424
-1.535634851225503,-1.3527181836118751,-1.3997255154039456,-1.706799805367068,-2.6510680338882504,2011,Germany,-2.6510680338882503e-06,1.1352224026054147,0.8200881738389296,305.5166614823113,-1.535634851225503,-1.3527181836118751,2.0772811866408545,-1.535634851225503,-1.3527181836118751,2.0772811866408545
1.2615245659171752,0.6883903163047584,0.0591526045286226,-1.5063408564196683,0.627703977062462,2012,Germany,6.27703977062462e-07,1.832568970638619,-0.03926909606522594,-123.67739978901353,1.2615245659171752,0.6883903163047584,0.8684212949579473,1.2615245659171752,0.6883903163047584,0.8684212949579473
0.0514764503152386,-0.1112124764679793,-0.9663283694860356,-0.326806841442529,-0.7953592605108041,2013,Germany,-7.953592605108041e-07,-0.4628699478696339,2.9568883016920338,-226.70929125428484,0.0514764503152386,-0.1112124764679793,-0.005724823519338579,0.0514764503152386,-0.1112124764679793,-0.005724823519338579
-0.2581857698983253,0.383370444721598,0.6074436015657546,-1.6907392936384311,0.2305665194492853,2014,Germany,2.305665194492853e-07,-0.6734611391983518,-0.3592771299090585,-128.9889777986879,-0.2581857698983253,0.383370444721598,-0.09898079342670914,-0.2581857698983253,0.383370444721598,-0.09898079342670914
-0.3376444339926402,0.4181417821486148,0.1578342906473338,1.1567948768199514,0.4211679982235443,2015,Germany,4.2116799822354427e-07,-0.8074859794486082,0.13644091737361874,82.66658976746322,-0.3376444339926402,0.4181417821486148,-0.14118324536224292,-0.3376444339926402,0.4181417821486148,-0.14118324536224292
0.6071314302346603,-1.189933300966325,-1.3160231208674789,0.4053354462277627,-1.2767782982303195,2016,Germany,-1.2767782982303195e-06,-0.5102235057755963,-3.246742633471435,-403.1517835200387,0.6071314302346603,-1.189933300966325,-0.7224459068995355,0.6071314302346603,-1.189933300966325,-0.7224459068995355
-1.4953342855962304,0.2788998932912444,1.6471144365084942,0.170335704673034,0.7832988142872752,2017,Germany,7.832988142872753e-07,-5.361525622776389,9.669756378522033,-161.3496341042895,-1.4953342855962304,0.2788998932912444,-0.4170485726875279,-1.4953342855962304,0.2788998932912444,-0.4170485726875279
-0.2925565189314922,0.4786828844345146,0.0049062898118449,0.0655262628998036,0.1597550409425953,2018,Germany,1.5975504094259529e-07,-0.6111685152657669,0.07487402334120086,-79.60484070335832,-0.2925565189314922,0.4786828844345146,-0.14004179834224736,-0.2925565189314922,0.4786828844345146,-0.14004179834224736
1.5475511249610483,-0.4147086745129311,1.7185310956819833,1.3283126652152275,1.861552805062873,2019,Germany,1.8615528050628728e-06,-3.731667437258371,1.2937690401638144,1065.2545009404641,1.5475511249610483,-0.4147086745129311,-0.6417828757735917,1.5475511249610483,-0.4147086745129311,-0.6417828757735917
-0.9323558298619652,-1.5149804551981336,-1.213093215778426,-1.7858068376056528,-2.383619292365784,2020,Germany,-2.383619292365784e-06,0.6154247350767069,0.6792973738986651,-228.0446778561986,-0.9323558298619652,-1.5149804551981336,1.4125008595309136,-0.9323558298619652,-1.5149804551981336,1.4125008595309136
-1.2694121728867125,0.6166541566141038,-1.3139109747913686,-0.7300601733439854,-1.242507841470972,2021,Germany,-1.242507841470972e-06,-2.058544648935932,1.7997321624945695,-47.87305819136238,-1.2694121728867125,0.6166541566141038,-0.7827882928671327,-1.2694121728867125,0.6166541566141038,-0.7827882928671327
1.2263208392064255,-1.6750821594617038,1.2186150796332482,-0.8603668187970099,0.2922190605746194,2022,Germany,2.922190605746194e-07,-0.7320963717367045,-1.4163917870855836,-123.51848823977392,1.2263208392064255,-1.6750821594617038,-2.054188159530788,1.2263208392064255,-1.6750821594617038,-2.054188159530788
-1.190519723449491,0.6643497398446977,0.5864863915182452,1.2304493347641527,0.54319966634743,2023,Germany,5.4319966634743e-07,-1.7920048131921904,0.47664369292130787,85.88782856234036,-1.190519723449491,0.6643497398446977,-0.7909214685536509,-1.190519723449491,0.6643497398446977,-0.7909214685536509
0.8611418402522504,1.0351480497727454,-0.5955102167424478,-1.2268992786301518,0.2393462762745524,2000,UK,2.393462762745524e-07,0.8319013000507548,0.4853786390566484,0.0,0.8611418402522504,1.0351480497727454,0.89140929651483,0.8611418402522504,1.0351480497727454,0.89140929651483
0.9128359666688752,1.046798254027581,1.8184126336953697,-0.4013452017450528,2.154616509906435,2001,UK,2.154616509906435e-06,0.8720258093008002,-4.530805791609482,800.208912143212,0.9128359666688752,1.046798254027581,0.9555550961225578,0.9128359666688752,1.046798254027581,0.9555550961225578
-0.3462731281836892,0.9411214113568436,-0.3952707712312701,1.4174986409095678,0.3502973309900018,2002,UK,3.502973309900018e-07,-0.36793633219769695,-0.2788507029022148,-83.74201026589118,-0.3462731281836892,0.9411214113568436,-0.3258850551111828,-0.3462731281836892,0.9411214113568436,-0.3258850551111828
1.2713426697255688,-0.2657158526697876,1.0019239996749656,0.7989268505806735,1.2209167249987145,2003,UK,1.2209167249987145e-06,-4.784612741635136,1.2540857086741328,248.53726163090917,1.2713426697255688,-0.2657158526697876,-0.33781590152161367,1.2713426697255688,-0.2657158526697876,-0.33781590152161367
-1.2405418438503266,1.3792966880017792,0.1650443793086752,1.0513711737053806,0.5731750585973776,2004,UK,5.731750585973776e-07,-0.8994010898746077,0.15697997667848165,-53.05371391337267,-1.2405418438503266,1.3792966880017792,-1.7110752565503757,-1.2405418438503266,1.3792966880017792,-1.7110752565503757
-0.519106113025702,1.3548775306933882,-0.2303671359364551,-1.8117277640554448,0.0279351640706216,2005,UK,2.79351640706216e-08,-0.38313848899800507,0.127153354748037,-95.12624220966941,-0.519106113025702,1.3548775306933882,-0.703325208584106,-0.519106113025702,1.3548775306933882,-0.703325208584106
1.4275494807645834,-1.4388177647520195,-0.4684918326689021,1.4852644031313862,-0.2818156642924275,2006,UK,-2.818156642924275e-07,-0.9921690626190486,-0.31542634177109385,-1108.8205087322283,1.4275494807645834,-1.4388177647520195,-2.053983552986604,1.4275494807645834,-1.4388177647520195,-2.053983552986604
1.5779560444047676,0.2360421604053053,0.5963481628517535,-0.2755774563891638,1.120943160935156,2007,UK,1.120943160935156e-06,6.685031846274591,-2.164002580864898,-497.75757807841484,1.5779560444047676,0.2360421604053053,0.3724641537459112,1.5779560444047676,0.2360421604053053,0.3724641537459112
-0.6083647282121512,-0.6142327178584467,0.7349585561261199,0.7913152340600919,0.1061543661017767,2008,UK,1.061543661017767e-07,0.9904482470121356,0.9287798284576932,-90.52990643939371,-0.6083647282121512,-0.6142327178584467,0.37367752045896485,-0.6083647282121512,-0.6142327178584467,0.37367752045896485
1.049072012522237,0.986992560706231,-1.2457068840023782,-0.1141905586937662,0.0246477596561444,2009,UK,2.46477596561444e-08,1.062896511474286,10.909113742554322,-76.78120970312885,1.049072012522237,0.986992560706231,1.035426272004562,1.049072012522237,0.986992560706231,1.035426272004562
-1.39207894942361,0.1529888884805776,-0.0520707519285094,1.2663676784968312,-0.2639663868709342,2010,UK,-2.639663868709342e-07,-9.099156573346594,-0.04111816156912294,-1170.9548882067684,-1.39207894942361,0.1529888884805776,-0.2129726111495283,-1.39207894942361,0.1529888884805776,-0.2129726111495283
-0.4164561853619408,-1.3492639967490327,-1.0692614565205492,0.8233860154013906,-1.5073153234344037,2011,UK,-1.5073153234344038e-06,0.3086545665043558,-1.298613454572511,471.02547839600584,-0.4164561853619408,-1.3492639967490327,0.5619093371323083,-0.4164561853619408,-1.3492639967490327,0.5619093371323083
0.4725207461836651,-1.404650224101955,-1.2698958282292183,0.610865056528768,-1.3739721337294066,2012,UK,-1.3739721337294067e-06,-0.3363976842586912,-2.078844968806045,-8.846403113661438,0.4725207461836651,-1.404650224101955,-0.6637263720197081,0.4725207461836651,-1.404650224101955,-0.6637263720197081
-1.341513779195037,1.0989920591609332,0.849863232656587,-1.5642100660025695,0.3917626933425711,2013,UK,3.917626933425711e-07,-1.2206753882679342,-0.543318186250169,-128.5131469354622,-1.341513779195037,1.0989920591609332,-1.4743129905903192,-1.341513779195037,1.0989920591609332,-1.4743129905903192
-1.3013565995877117,1.671390524048139,-0.2812401025113975,-0.5486933813190533,0.0903418204787322,2014,UK,9.03418204787322e-08,-0.7786066764511308,0.51256425656084,-76.93965708987656,-1.3013565995877117,1.671390524048139,-2.1750750889584096,-1.3013565995877117,1.671390524048139,-2.1750750889584096
1.1196456772859944,1.5345570833516946,1.803066199132375,0.7948384024091151,2.7084614160242064,2015,UK,2.7084614160242063e-06,0.7296209178609441,2.2684660494527313,2898.015096078143,1.1196456772859944,1.5345570833516946,1.7181602049233282,1.1196456772859944,1.5345570833516946,1.7181602049233282
-0.3321670586436036,-1.4658640361762985,1.0914518826483766,0.1104145352151499,-0.1149676120601422,2016,UK,-1.149676120601422e-07,0.22660170182751918,9.884948531215565,-104.24475724040052,-0.3321670586436036,-1.4658640361762985,0.486911745268122,-0.3321670586436036,-1.4658640361762985,0.486911745268122
-0.172657138563384,1.3925019723694358,-1.1775916378881714,-0.1204923138739266,-0.1853731231572355,2017,UK,-1.853731231572355e-07,-0.12399049911512681,9.773249207991194,61.239430684411,-0.172657138563384,1.3925019723694358,-0.2404254059931752,-0.172657138563384,1.3925019723694358,-0.2404254059931752
-1.5457445415615922,-0.1279250069142495,-1.364628877605576,-1.4326808406377938,-1.918335757753592,2018,UK,-1.918335757753592e-06,12.083303039418876,0.9525009279100882,934.851074999928,-1.5457445415615922,-0.1279250069142495,0.1977393811669301,-1.5457445415615922,-0.1279250069142495,0.1977393811669301
-1.192643468906605,0.4992545648229528,0.9854800607644272,0.1980483520142873,0.5494956034820995,2019,UK,5.494956034820994e-07,-2.3888436162540185,4.9759317601470086,-128.6443914346657,-1.192643468906605,0.4992545648229528,-0.5954326960579038,-1.192643468906605,0.4992545648229528,-0.5954326960579038
1.6164194107638474,-0.4537257377141719,-0.5829800782133971,1.1993025331179237,0.1881286316446294,2020,UK,1.8812863164462938e-07,-3.562555171461966,-0.48609885830801985,-65.7633963852528,1.6164194107638474,-0.4537257377141719,-0.7334110896043338,1.6164194107638474,-0.4537257377141719,-0.7334110896043338
-0.839884980262964,1.5900462084762397,-1.515054038695766,1.5548282229598118,-0.2722202694370575,2021,UK,-2.722202694370575e-07,-0.5282138642083686,-0.9744182938700312,-244.69901102096742,-0.839884980262964,1.5900462084762397,-1.3354559284232672,-0.839884980262964,1.5900462084762397,-1.3354559284232672
-1.4399655849669395,1.3396622236061568,0.2415324095435007,1.6358677138038369,0.6370244320470434,2022,UK,6.370244320470434e-07,-1.074871325564036,0.14764779563628463,-334.01065371230027,-1.4399655849669395,1.3396622236061568,-1.9290674974731505,-1.4399655849669395,1.3396622236061568,-1.9290674974731505
-1.338076446374552,0.1680141387124472,1.7461704570379184,-0.0135227827095712,0.8220958084781371,2023,UK,8.220958084781372e-07,-7.964023103088521,-129.13759187994617,29.052476972724083,-1.338076446374552,0.1680141387124472,-0.2248157616690324,-1.338076446374552,0.1680141387124472,-0.2248157616690324
0.5097042839962601,0.6609160463557734,-0.0077407576704571,0.3531676594788488,0.615107905593652,2000,France,6.151079055936521e-07,0.7712076527708213,-0.021918019797905346,0.0,0.5097042839962601,0.6609160463557734,0.3368717401894085,0.5097042839962601,0.6609160463557734,0.3368717401894085
0.3597661300458691,1.3744512045288146,-1.4016208274166495,-0.8634965816342406,-0.2858477287015663,2001,France,-2.8584772870156626e-07,0.26175237586322836,1.6231939771642607,-146.47115182590431,0.3597661300458691,1.3744512045288146,0.49448099079021496,0.3597661300458691,1.3744512045288146,0.49448099079021496
1.5773053231754754,1.3366076751152065,-0.0039393509265843,0.3271017277123737,1.3940528342260206,2002,France,1.3940528342260205e-06,1.1800801180940432,-0.012043161346084005,-587.6907158081547,1.5773053231754754,1.3366076751152065,2.1082384009564117,1.5773053231754754,1.3366076751152065,2.1082384009564117
-0.6610096163455889,-1.1024415594620298,0.0234604151725187,-0.6093867925775892,-0.948380921613206,2003,France,-9.483809216132059e-07,0.5995875339239596,-0.038498461004949726,-168.03048624335304,-0.6610096163455889,-1.1024415594620298,0.7287244722634291,-0.6610096163455889,-1.1024415594620298,0.7287244722634291
0.357577136396602,-1.485893802034246,1.7635210039561384,1.612158728651199,0.9042315815064312,2004,France,9.042315815064312e-07,-0.2406480036157822,1.0938872697382007,-195.34476716047004,0.357577136396602,-1.485893802034246,-0.5313216507208651,0.357577136396602,-1.485893802034246,-0.5313216507208651
0.7383914913762966,0.1063280439585858,-0.5018350673213082,1.006921742500569,0.1705532020098948,2005,France,1.705532020098948e-07,6.944400738371101,-0.49838487715061686,-81.13832722743916,0.7383914913762966,0.1063280439585858,0.0785117229537046,0.7383914913762966,0.1063280439585858,0.0785117229537046
0.6937251790869746,-1.19103616553278,1.547272154039834,1.037609876304015,0.9327268395225128,2006,France,9.327268395225127e-07,-0.5824556647549981,1.4911872932088377,446.8832179816828,0.6937251790869746,-1.19103616553278,-0.8262517772332912,0.6937251790869746,-1.19103616553278,-0.8262517772332912
1.5752714057996986,0.7650263817923371,0.5335800990008736,-0.381598304754271,1.3405424727348425,2007,France,1.3405424727348424e-06,2.059104606307148,-1.3982805757615915,43.722943945850346,1.5752714057996986,0.7650263817923371,1.2051241839198716,1.5752714057996986,0.7650263817923371,1.2051241839198716
1.5184964929810336,1.2525439366973448,-1.4023966887776032,-1.757214634976679,-0.0652912817396727,2008,France,-6.52912817396727e-08,1.2123289540293367,0.7980797899944676,-104.87051198060678,1.5184964929810336,1.2525439366973448,1.9019835751795757,1.5184964929810336,1.2525439366973448,1.9019835751795757
-0.3314893375470304,1.0597156122325084,1.8074106417386495,-1.321757847273476,1.4981415527916695,2009,France,1.4981415527916695e-06,-0.3128094187828959,-1.3674305114945926,-2394.550685595377,-0.3314893375470304,1.0597156122325084,-0.35128442628719997,-0.3314893375470304,1.0597156122325084,-0.35128442628719997
0.3924128064463411,-0.4328129605017606,1.7482552128468103,1.106348137452934,1.3815028274934191,2010,France,1.3815028274934192e-06,-0.9066588778910254,1.580202084191695,-7.78556105602326,0.3924128064463411,-0.4328129605017606,-0.16984134849684526,0.3924128064463411,-0.4328129605017606,-0.16984134849684526
1.2045486150327105,-0.1278120490698901,-0.1430812945150009,-0.8900210873687996,0.1335731128320812,2011,France,1.335731128320812e-07,-9.424448228838454,0.1607618710472003,-90.33131817222304,1.2045486150327105,-0.1278120490698901,-0.15395582669162897,1.2045486150327105,-0.1278120490698901,-0.15395582669162897
-1.396014160163099,1.2478838908011998,1.2132743355528828,1.6595725761630389,1.3079786583699822,2012,France,1.3079786583699822e-06,-1.1187042734901562,0.7310759540761024,879.2230117555782,-1.396014160163099,1.2478838908011998,-1.7420635817978973,-1.396014160163099,1.2478838908011998,-1.7420635817978973
1.7310382205356578,0.1734936635856397,1.0636505791771051,1.4666728354193683,1.8050049671539523,2013,France,1.8050049671539523e-06,9.97747241765272,0.7252127592996667,37.999573280757495,1.7310382205356578,0.1734936635856397,0.3003241626874978,1.7310382205356578,0.1734936635856397,0.3003241626874978
1.2421914727953147,-0.8967035475158038,-0.0213592194186314,-1.396378713179662,-0.2725830955279935,2014,France,-2.7258309552799346e-07,-1.3852882165179996,0.01529616178848542,-115.10151498130168,1.2421914727953147,-0.8967035475158038,-1.1138775003494399,1.2421914727953147,-0.8967035475158038,-1.1138775003494399
1.5894094496381466,0.3497605608051909,-0.7774282979044216,0.5081229968518777,0.3434801629581391,2015,France,3.434801629581391e-07,4.544265659093999,-1.5299972107616249,-226.00934122228597,1.5894094496381466,0.3497605608051909,0.555912740454508,1.5894094496381466,0.3497605608051909,0.555912740454508
0.4722220198923493,-0.5117642264457886,-1.1695501984166647,0.5076754683849449,-0.839271923603252,2016,France,-8.39271923603252e-07,-0.9227353500405762,-2.303731355005123,-344.34363730796775,0.4722220198923493,-0.5117642264457886,-0.24166633672087592,0.4722220198923493,-0.5117642264457886,-0.24166633672087592
0.1468976255529114,0.9268980113564153,0.2158500383739042,1.141671156249947,0.9236050438090022,2017,France,9.236050438090022e-07,0.15848288082424727,0.189064817944678,-210.0483666656788,0.1468976255529114,0.9268980113564153,0.1361591169979729,0.1468976255529114,0.9268980113564153,0.1361591169979729
0.251987726632815,0.1926209081744498,1.4304941452854336,-0.4334114492049482,1.15103568506938,2018,France,1.1510356850693799e-06,1.3081986832183181,-3.30055296984543,24.62423118895498,0.251987726632815,0.1926209081744498,0.04853810475282781,0.251987726632815,0.1926209081744498,0.04853810475282781
-1.1378056199163094,-1.6559393711948898,1.01645988706011,0.327722893992878,-0.5455892077823893,2019,France,-5.455892077823893e-07,0.6871062593321592,3.1015739337034716,-147.39985170394635,-1.1378056199163094,-1.6559393711948898,1.8841371227862251,-1.1378056199163094,-1.6559393711948898,1.8841371227862251
0.7580733226956743,-1.0161438438653696,-1.0918180288788402,-1.7987149016992463,-1.3701830607167802,2020,France,-1.3701830607167802e-06,-0.7460302724880603,0.6069992720061811,151.13822655804506,0.7580733226956743,-1.0161438438653696,-0.7703115400557752,0.7580733226956743,-1.0161438438653696,-0.7703115400557752
-0.4175452070736242,0.2932884222019822,-0.2200010910982537,-0.3140879394761091,-0.2209475028301912,2021,France,-2.209475028301912e-07,-1.4236626876576193,0.7004464797715283,-83.87459974037283,-0.4175452070736242,0.2932884222019822,-0.12246117498062317,-0.4175452070736242,0.2932884222019822,-0.12246117498062317
1.423481179226495,-0.5461792756962824,0.1948137537724791,0.9011131947212374,0.5673160889100877,2022,France,5.673160889100876e-07,-2.606257411852941,0.21619208188452224,-356.7651055762768,1.423481179226495,-0.5461792756962824,-0.7774759194372171,1.423481179226495,-0.5461792756962824,-0.7774759194372171
-0.2647106865854619,0.4050346753769326,1.381805176495486,1.4833641063679532,1.3832616436316882,2023,France,1.3832616436316882e-06,-0.6535490641389007,0.9315340980878682,143.82556226973452,-0.2647106865854619,0.4050346753769326,-0.1072170070099475,-0.2647106865854619,0.4050346753769326,-0.1072170070099475
-1.094377439106527,1.462786651007741,0.1202867231397114,-0.9432471893112718,0.2744375251361126,2000,Brazil,2.7443752513611257e-07,-0.748145117544977,-0.12752420789268273,0.0,-1.094377439106527,1.462786651007741,-1.6008407090890646,-1.094377439106527,1.462786651007741,-1.6008407090890646
-0.0565435529520702,1.6484396226479952,0.1219964747417252,-0.6957432067454571,0.8264460944748376,2001,Brazil,8.264460944748376e-07,-0.03430123728766202,-0.17534723861644144,201.14179686795595,-0.0565435529520702,1.6484396226479952,-0.09320863309148752,-0.0565435529520702,1.6484396226479952,-0.09320863309148752
0.5230145617884809,-0.9217229808306342,-1.2979832616177325,-1.3973605302056864,-1.4850609836791575,2002,Brazil,-1.4850609836791576e-06,-0.5674320160154502,0.9288828204625862,-279.69241957914204,0.5230145617884809,-0.9217229808306342,-0.4820745409095066,0.5230145617884809,-0.9217229808306342,-0.4820745409095066
-1.1576581787980718,-1.2282544915503255,-1.0834509018462588,0.3999136162691878,-1.8196532105101817,2003,Brazil,-1.8196532105101817e-06,0.9425238248961564,-2.709205559811232,22.53053783704493,-1.1576581787980718,-1.2282544915503255,1.4218988577887015,-1.1576581787980718,-1.2282544915503255,1.4218988577887015
-0.9786201835798106,-0.5551699098691402,1.4990980836867869,-0.1860073284372674,0.3625835028807004,2004,Brazil,3.625835028807004e-07,1.7627431330952645,-8.059392904969755,-119.9259672549937,-0.9786201835798106,-0.5551699098691402,0.5433004791141248,-0.9786201835798106,-0.5551699098691402,0.5433004791141248
0.6366110285115131,-1.157330864495965,-0.9012940450351492,-1.706309011546936,-1.3396238968086,2005,Brazil,-1.3396238968086e-06,-0.550068781633633,0.5282129831987588,-469.46631221922195,0.6366110285115131,-1.157330864495965,-0.7367695919748949,0.6366110285115131,-1.157330864495965,-0.7367695919748949
-1.021671788509691,-0.7881766580736213,-0.9533515407438562,-1.538395927656537,-1.793807797101901,2006,Brazil,-1.7938077971019011e-06,1.296248847632211,0.6197053328797129,33.90383684370726,-1.021671788509691,-0.7881766580736213,0.8052578559156679,-1.021671788509691,-0.7881766580736213,0.8052578559156679
-1.1823017078176166,-0.1553044566028237,-0.8534405099019485,-0.5710622411779965,-1.2644110603280505,2007,Brazil,-1.2644110603280506e-06,7.612848636339497,1.4944815868460175,-29.512455996074426,-1.1823017078176166,-0.1553044566028237,0.18361672427320536,-1.1823017078176166,-0.1553044566028237,0.18361672427320536
0.0907246689238612,0.6423182165815167,-1.4225216014965445,0.9564269019045384,-0.4644991626936916,2008,Brazil,-4.6449916269369165e-07,0.14124545332258068,-1.4873275849270728,-63.26359541863089,0.0907246689238612,0.6423182165815167,0.05827410754312307,0.0907246689238612,0.6423182165815167,0.05827410754312307
0.50472151825998,-1.471914167174834,1.4200169831977911,1.3827992405698335,0.6797205423945538,2009,Brazil,6.797205423945538e-07,-0.34290169387419384,1.0269140411869044,-246.33407269299798,0.50472151825998,-1.471914167174834,-0.7429067532048562,0.50472151825998,-1.471914167174834,-0.7429067532048562
-1.3803750520504514,-0.7941260724059073,1.1904468104075572,0.7768707697234729,0.0328733507026894,2010,Brazil,3.28733507026894e-08,1.7382338122991408,1.532359466262104,-95.16369615858872,-1.3803750520504514,-0.7941260724059073,1.0961918185319248,-1.3803750520504514,-0.7941260724059073,1.0961918185319248
-0.9698371552979402,-1.028700791661388,-0.2941831267456501,-0.1489334676717326,-1.1724554522880546,2011,Brazil,-1.1724554522880545e-06,0.942779577831563,1.975278670558724,-3666.5833485971198,-0.9698371552979402,-1.028700791661388,0.9976722494376196,-0.9698371552979402,-1.028700791661388,0.9976722494376196
0.4726428276764949,-0.4744184991774051,0.0194954586551598,0.774101984943664,0.085517172965792,2012,Brazil,8.551717296579201e-08,-0.9962592621393871,0.025184580132549934,-107.29385264053357,0.4726428276764949,-0.4744184991774051,-0.22423050095324762,0.4726428276764949,-0.4744184991774051,-0.22423050095324762
-1.461505350151784,-0.8790263161055272,0.8740796452786838,1.2927045121196512,-0.1768060881415774,2013,Brazil,-1.7680608814157738e-07,1.6626430699708428,0.6761630062561226,-306.74922008039505,-1.461505350151784,-0.8790263161055272,1.2847016639124413,-1.461505350151784,-0.8790263161055272,1.2847016639124413
0.1181957422261768,0.0924926169209614,-1.191307347148097,-0.2792041772870464,-0.8124548150760952,2014,Brazil,-8.124548150760952e-07,1.2778799895692114,4.266811569709768,359.51744287533944,0.1181957422261768,0.0924926169209614,0.010932233507414473,0.1181957422261768,0.0924926169209614,0.010932233507414473
0.1878358781508806,-0.9136469739986294,-0.639093271792698,-0.5253776786826402,-0.9764023139540926,2015,Brazil,-9.764023139540925e-07,-0.2055893458697191,1.216447736879371,20.17927592227291,0.1878358781508806,-0.9136469739986294,-0.17161568168092733,0.1878358781508806,-0.9136469739986294,-0.17161568168092733
-1.5167523414967827,-0.6371085054483184,-0.8360149475347021,-0.7001460731261563,-1.6661411469312382,2016,Brazil,-1.6661411469312382e-06,2.380685094000702,1.1940596022505523,70.64084375055823,-1.5167523414967827,-0.6371085054483184,0.9663358174262527,-1.5167523414967827,-0.6371085054483184,0.9663358174262527
-1.185207526000703,1.3375229902743984,0.4660394376687196,0.5341052157458035,0.6931291769790254,2017,Brazil,6.931291769790254e-07,-0.886120573999987,0.8725594721229029,-141.60086786498593,-1.185207526000703,1.3375229902743984,-1.5852423142721819,-1.185207526000703,1.3375229902743984,-1.5852423142721819
1.0410643104032613,-0.0244721169364873,-1.2603096453790192,0.035652441625635,-0.5069724176363279,2018,Brazil,-5.06972417636328e-07,-42.5425742970889,-35.348891661355076,-173.1425590603394,1.0410643104032613,-0.0244721169364873,-0.025477047542592123,1.0410643104032613,-0.0244721169364873,-0.025477047542592123
0.3681695969161216,0.8335280876068798,-0.0857033757878322,-1.4019219268532246,0.2725965667045671,2019,Brazil,2.725965667045671e-07,0.44169975876086365,0.06113281722686274,-153.76950643104055,0.3681695969161216,0.8335280876068798,0.30687970003249065,0.3681695969161216,0.8335280876068798,0.30687970003249065
-0.6397425150079293,-0.4946749721624916,0.6443220739711387,0.1538516157021595,-0.0245817468139383,2020,Brazil,-2.45817468139383e-08,1.2932609173093612,4.187917579630041,-109.01762891261187,-0.6397425150079293,-0.4946749721624916,0.3164646108027098,-0.6397425150079293,-0.4946749721624916,0.3164646108027098
-0.3992232221873707,1.6709586370366225,0.5075475714611367,-1.0170259981564131,0.9228491574574772,2021,Brazil,9.228491574574772e-07,-0.23891853120723883,-0.49905122527094314,-3854.2049572091637,-0.3992232221873707,1.6709586370366225,-0.6670854912195777,-0.3992232221873707,1.6709586370366225,-0.6670854912195777
-1.245002961253434,-1.2249320638782193,-0.7184323567889154,-1.2857260743438164,-1.900899527284787,2022,Brazil,-1.900899527284787e-06,1.0163861444673183,0.5587760331699022,-305.98160727825945,-1.245002961253434,-1.2249320638782193,1.5250440468626634,-1.245002961253434,-1.2249320638782193,1.5250440468626634
-0.9630327025600252,-0.7655806793339692,-0.9657432614404649,1.2981756747006434,-1.243450083834147,2023,Brazil,-1.243450083834147e-06,1.2579130932495937,-0.7439228267317028,-34.58622794176449,-0.9630327025600252,-0.7655806793339692,0.7372792306467324,-0.9630327025600252,-0.7655806793339692,0.7372792306467324
-1.316668140965183,0.0660850395313751,-0.1581503708369901,1.5987066763823414,-0.2963142894625887,2000,Canada,-2.963142894625887e-07,-19.923544371880237,-0.09892388281694058,0.0,-1.316668140965183,0.0660850395313751,-0.08701206614538627,-1.316668140965183,0.0660850395313751,-0.08701206614538627
-1.210892878178003,-0.373882138504587,1.7467425231285842,1.1884485686494588,0.80189825379747,2001,Canada,8.0189825379747e-07,3.238710791941025,1.4697657933550883,-370.6242264765008,-1.210892878178003,-0.373882138504587,0.45273121879316613,-1.210892878178003,-0.373882138504587,0.45273121879316613
1.1338548575070029,-0.860039351692451,-0.9742136645121569,0.4973902716875067,-0.6304513389687786,2002,Canada,-6.304513389687786e-07,-1.3183770878074381,-1.958646482088292,-178.61986679522155,1.1338548575070029,-0.860039351692451,-0.9751597965636593,1.1338548575070029,-0.860039351692451,-0.9751597965636593
1.507347012936142,0.1781178403908401,0.391149305234998,-0.8669510882154678,0.8052673730798793,2003,Canada,8.052673730798793e-07,8.462591658628709,-0.4511785748129292,-227.7287116872565,1.507347012936142,0.1781178403908401,0.2684853946637693,1.507347012936142,0.1781178403908401,0.2684853946637693
0.9756196418288132,-1.1061841877969134,-0.4536172292806013,-0.3563470514270258,-0.6083016643211372,2004,Canada,-6.083016643211372e-07,-0.8819693271345661,1.2729683055671381,-175.54033413704397,0.9756196418288132,-1.1061841877969134,-1.0792150210951212,0.9756196418288132,-1.1061841877969134,-1.0792150210951212
0.104669800194677,-0.9138580764038507,-1.1651915577171792,0.2937094698761991,-1.235997021229885,2005,Canada,-1.235997021229885e-06,-0.11453629117429019,-3.967143419192088,103.18817023281595,0.104669800194677,-0.9138580764038507,-0.09565334226348293,0.104669800194677,-0.9138580764038507,-0.09565334226348293
-0.6235972836910015,0.2631383603913632,-1.0305177202094522,-0.160808522093845,-0.8722497192058413,2006,Canada,-8.722497192058413e-07,-2.3698365868319162,6.40839251044523,-29.429464292890863,-0.6235972836910015,0.2631383603913632,-0.1640923667749579,-0.6235972836910015,0.2631383603913632,-0.1640923667749579
0.1877433101910313,-1.5759017958442256,-0.4095786268809352,-1.377930982789174,-1.3261955221621702,2007,Canada,-1.3261955221621701e-06,-0.11913396495904131,0.29724197310220046,52.04310107083023,0.1877433101910313,-1.5759017958442256,-0.2958650196877857,0.1877433101910313,-1.5759017958442256,-0.2958650196877857
-1.3727358221763657,1.6829255570270962,-0.4581331439784713,0.9931592141378908,0.2264225366192259,2008,Canada,2.264225366192259e-07,-0.8156837364319184,-0.4612882568762102,-117.07308860838835,-1.3727358221763657,1.6829255570270962,-2.3102121981872092,-1.3727358221763657,1.6829255570270962,-2.3102121981872092
-0.7366384014964079,0.6114294988545685,1.0338047512929291,0.2411200788421101,0.8306287461342712,2009,Canada,8.306287461342712e-07,-1.2047786344914087,4.287492226964864,266.84897119191675,-0.7366384014964079,0.6114294988545685,-0.45040244866397916,-0.7366384014964079,0.6114294988545685,-0.45040244866397916
-0.0151700732550964,-0.3253010227602447,-0.3677923862228663,1.4131873126755912,-0.1847987922042319,2010,Canada,-1.847987922042319e-07,0.046634098351346166,-0.2602571666662913,-122.24806125050229,-0.0151700732550964,-0.3253010227602447,0.004934840345230693,-0.0151700732550964,-0.3253010227602447,0.004934840345230693
1.1789095993022394,1.596314094951082,-1.132957794321136,0.715818264727684,0.6385122743504124,2011,Canada,6.385122743504124e-07,0.7385193581335936,-1.5827428097400287,-445.5175581692954,1.1789095993022394,1.596314094951082,1.881910010039297,1.1789095993022394,1.596314094951082,1.881910010039297
1.5371603837909893,-1.1263688909504306,-1.329899000876303,0.7518103425426403,-0.8256134836750517,2012,Canada,-8.256134836750517e-07,-1.364705436066658,-1.768926492088506,-229.30268012701652,1.5371603837909893,-1.1263688909504306,-1.731409636703595,1.5371603837909893,-1.1263688909504306,-1.731409636703595
0.327036991203499,1.1683578594687838,-1.0802303736033545,0.941883277636536,0.1549998838862354,2013,Canada,1.549998838862354e-07,0.27991142323531704,-1.146882264893485,-118.77390412718125,0.327036991203499,1.1683578594687838,0.3820962390096316,0.327036991203499,1.1683578594687838,0.3820962390096316
-0.9129462718784168,-1.1874269547329537,-0.9967756304932122,1.0096587526899263,-1.527135033208468,2014,Canada,-1.527135033208468e-06,0.7688448010080207,-0.9872391445114175,-1085.2491465924793,-0.9129462718784168,-1.1874269547329537,1.0840570114513917,-0.9129462718784168,-1.1874269547329537,1.0840570114513917
0.6287605910145436,0.0610621578260832,-0.3338488101643874,1.2294963745429976,0.2653221891770504,2015,Canada,2.653221891770504e-07,10.296889538620745,-0.2715327556421001,-117.37385256755036,0.6287605910145436,0.0610621578260832,0.03839347844335141,0.6287605910145436,0.0610621578260832,0.03839347844335141
-0.2783384339959225,1.0807181212161825,-0.0602330898680318,-0.5265702577741107,0.3338260756818906,2016,Canada,3.338260756818906e-07,-0.25754928226188467,0.11438778276317602,25.819132096459253,-0.2783384339959225,1.0807181212161825,-0.3008053894503278,-0.2783384339959225,1.0807181212161825,-0.3008053894503278
-0.0447570791345157,-0.7090190650020143,0.9908106766871462,-0.0850544768613316,0.2969630534184742,2017,Canada,2.969630534184742e-07,0.06312544255750176,-11.649267181664207,-11.042583233834591,-0.0447570791345157,-0.7090190650020143,0.031733622400175486,-0.0447570791345157,-0.7090190650020143,0.031733622400175486
-0.8112276688620518,1.368950781683396,-0.2484610906087032,0.0582811831008209,0.254131996166334,2018,Canada,2.54131996166334e-07,-0.5925903890234085,-4.263071103203127,-14.423025611803485,-0.8112276688620518,1.368950781683396,-1.1105307514119047,-0.8112276688620518,1.368950781683396,-1.1105307514119047
1.4311749704859595,0.412507681452871,-1.158168518874999,1.4493542237149422,0.2156893129459642,2019,Canada,2.1568931294596419e-07,3.4694420622744424,-0.7990922445543872,-15.127053578569605,1.4311749704859595,0.412507681452871,0.5903706688285443,1.4311749704859595,0.412507681452871,0.5903706688285443
0.5040818598665059,-0.5925529696935038,-1.0819350247495372,0.9375230109987516,-0.7279728875060429,2020,Canada,-7.27972887506043e-07,-0.8506964547383771,-1.1540344695779508,-437.5099477869908,0.5040818598665059,-0.5925529696935038,-0.29869520303252267,0.5040818598665059,-0.5925529696935038,-0.29869520303252267
0.4786889471925456,0.0971738298310716,1.489231332804027,0.9184689886487456,1.480060601408301,2021,Canada,1.4800606014083012e-06,4.926059021916446,1.6214262318957053,-303.3125995226045,0.4786889471925456,0.0971738298310716,0.04651603829650325,0.4786889471925456,0.0971738298310716,0.04651603829650325
-1.0790744435827258,-0.6730861979596148,-0.7098072534207458,0.7617292975948176,-1.1538697294237217,2022,Canada,-1.1538697294237217e-06,1.6031766065482107,-0.9318353958900938,-177.96097864680652,-1.0790744435827258,-0.6730861979596148,0.7263101145464838,-1.0790744435827258,-0.6730861979596148,0.7263101145464838
-1.4719839443850884,0.2237166838881856,1.0414056901737403,1.2279697155468057,0.5224236912859723,2023,Canada,5.224236912859723e-07,-6.5796494885973695,0.8480704604669751,-145.2757948288397,-1.4719839443850884,0.2237166838881856,-0.3293073667744834,-1.4719839443850884,0.2237166838881856,-0.3293073667744834
-0.4458332080265263,1.0968982563637426,-1.1795192629570193,1.1215597137408946,-0.2232754346760083,2000,Australia,-2.232754346760083e-07,-0.4064486373201475,-1.0516766934736932,0.0,-0.4458332080265263,1.0968982563637426,-0.48903366851335045,-0.4458332080265263,1.0968982563637426,-0.48903366851335045
-1.1595111960595943,-0.3758562849650733,1.1601023045538337,-1.3235111324684177,-0.0652874342933767,2001,Australia,-6.52874342933767e-08,3.0849937261553815,-0.8765345093279946,-70.75923986527476,-1.1595111960595943,-0.3758562849650733,0.4358095705263678,-1.1595111960595943,-0.3758562849650733,0.4358095705263678
-0.8210761434812687,0.7529831913481214,0.8968636305253813,0.4008715449069261,0.8050811570419313,2002,Australia,8.050811570419313e-07,-1.0904294577702054,2.2372787608430844,-1333.13339811181,-0.8210761434812687,0.7529831913481214,-0.6182565348583338,-0.8210761434812687,0.7529831913481214,-0.6182565348583338
0.7243793077219121,0.1293521498675842,-0.6985295946509678,-0.6362627420511572,-0.2676311920344901,2003,Australia,-2.676311920344901e-07,5.600012898514201,1.097865152789281,-133.2427594030189,0.7243793077219121,0.1293521498675842,0.09370002077342166,0.7243793077219121,0.1293521498675842,0.09370002077342166
-0.9795592610795648,1.399783508734037,0.4312834373488585,-0.4426487188082484,0.601441387850865,2004,Australia,6.01441387850865e-07,-0.699792900241107,-0.9743265785035868,-324.72768711255304,-0.9795592610795648,1.399783508734037,-1.3711708994868737,-0.9795592610795648,1.399783508734037,-1.3711708994868737
-0.0469985592493499,1.534677837714941,-1.0339634942934526,0.2080916559060874,0.104382443235178,2005,Australia,1.0438244323517799e-07,-0.03062436132847728,-4.968764946515374,-82.64461918589132,-0.0469985592493499,1.534677837714941,-0.07212764728450985,-0.0469985592493499,1.534677837714941,-0.07212764728450985
0.0989438969516678,0.3681004340661342,-1.4947615622227914,1.2116756950416638,-0.6140222261494703,2006,Australia,-6.140222261494703e-07,0.26879519554898357,-1.2336306940123114,-688.2428185418621,0.0989438969516678,0.3681004340661342,0.03642129141610377,0.0989438969516678,0.3681004340661342,0.03642129141610377
1.5164671315657985,0.2071939142797302,0.8171831065603841,1.3885104879847414,1.5477573262096342,2007,Australia,1.5477573262096343e-06,7.319036458194351,0.5885317576640492,-352.0686158081949,1.5164671315657985,0.2071939142797302,0.3142027608656724,1.5164671315657985,0.2071939142797302,0.3142027608656724
0.7685788488623688,-1.226043989768537,0.4070803951396813,0.2800016247903722,-0.0170672120424436,2008,Australia,-1.7067212042443598e-08,-0.6268775689565892,1.4538449253625663,-101.10270594449327,0.7685788488623688,-1.226043989768537,-0.942311478310928,0.7685788488623688,-1.226043989768537,-0.942311478310928
-0.17296090361763,0.8022811173069739,1.6271370691868328,1.399284169100541,1.7942900585299069,2009,Australia,1.7942900585299068e-06,-0.21558613844991223,1.1628344994414217,-10613.082359718603,-0.17296090361763,0.8022811173069739,-0.13876326700477604,-0.17296090361763,0.8022811173069739,-0.13876326700477604
-0.0841350627073115,-1.3625647813156356,1.7991142716831885,1.0950419210763658,0.7284834749941983,2010,Australia,7.284834749941983e-07,0.06174761421155209,1.6429623323940217,-59.39990462907332,-0.0841350627073115,-1.3625647813156356,0.11463947331876519,-0.0841350627073115,-1.3625647813156356,0.11463947331876519
-1.1689096373614398,1.4428275309202203,1.4074706659978586,-0.0284760630765447,1.3294729437423791,2011,Australia,1.3294729437423792e-06,-0.8101514575789003,-49.42818431040497,82.49870990594086,-1.1689096373614398,1.4428275309202203,-1.6865350059430564,-1.1689096373614398,1.4428275309202203,-1.6865350059430564
0.3829169264080771,-0.3698974136814449,-1.3698815904260395,-0.6731168801599002,-1.1598790042108604,2012,Australia,-1.1598790042108603e-06,-1.0352004297555732,2.035134856869847,-187.24352080049687,0.3829169264080771,-0.3698974136814449,-0.1416399807331959,0.3829169264080771,-0.3698974136814449,-0.1416399807331959
1.0865676034614526,-1.7398320597168015,-0.4201584418563578,-0.4520659763690675,-0.900494280376644,2013,Australia,-9.00494280376644e-07,-0.6245247763528932,0.9294204678960551,-22.36308467456848,1.0865676034614526,-1.7398320597168015,-1.890445151551888,1.0865676034614526,-1.7398320597168015,-1.890445151551888
0.2037273200641569,1.4394015149675483,-0.3763863500456262,-0.6318495191892212,0.4685447326538636,2014,Australia,4.685447326538636e-07,0.14153603175325144,0.5956908002706087,-152.03194988177918,0.2037273200641569,1.4394015149675483,0.293245413140626,0.2037273200641569,1.4394015149675483,0.293245413140626
0.869224035949899,-0.1850424018173743,-0.7911866370652234,-0.2615571981564314,-0.3781387000575248,2015,Australia,-3.7813870005752483e-07,-4.697457041574812,3.0249202375698654,-180.70493033092615,0.869224035949899,-0.1850424018173743,-0.16084330332956104,0.869224035949899,-0.1850424018173743,-0.16084330332956104
-1.1150516888329594,-1.143202831060632,0.1415869581125413,-0.3792028056346148,-1.0199996687430646,2016,Australia,-1.0199996687430646e-06,0.9753760521870791,-0.3733815504269233,169.7422053304504,-1.1150516888329594,-1.143202831060632,1.274730247452778,-1.1150516888329594,-1.143202831060632,1.274730247452778
1.4590239090236294,-0.4970662738809189,0.421731454525982,0.3696880264598322,0.6726843763037156,2017,Australia,6.726843763037156e-07,-2.9352762819902107,1.1407735267787409,-165.94947007508912,1.4590239090236294,-0.4970662738809189,-0.7252315779615482,1.4590239090236294,-0.4970662738809189,-0.7252315779615482
-1.539955076957538,0.5490228421958813,-0.9498574847155672,1.5239074030007966,-0.7061500941887516,2018,Australia,-7.061500941887516e-07,-2.8048965429230144,-0.6233035285094302,-204.97495096718677,-1.539955076957538,0.5490228421958813,-0.8454705132052046,-1.539955076957538,0.5490228421958813,-0.8454705132052046
-1.0890920382811498,-0.3156329226314113,-1.2656611104816589,1.649591213818729,-1.2006606306214742,2019,Australia,-1.2006606306214741e-06,3.4505129557284033,-0.7672569619807507,70.02909728431497,-1.0890920382811498,-0.3156329226314113,0.3437533030572802,-1.0890920382811498,-0.3156329226314113,0.3437533030572802
0.0866597642894937,0.31228041574839,-1.3279220913337626,0.782841077664094,-0.6081767607147568,2020,Australia,-6.081767607147568e-07,0.2775053522855706,-1.6962834896357657,-49.3464893239684,0.0866597642894937,0.31228041574839,0.027062147220980572,0.0866597642894937,0.31228041574839,0.027062147220980572
-0.8854149969770354,1.363669736218165,-0.8575090091590882,-1.1803937370978963,-0.4446364172143897,2021,Australia,-4.4463641721438967e-07,-0.6492879648004587,0.7264607636161441,-26.890265143996483,-0.8854149969770354,1.363669736218165,-1.2074136353712812,-0.8854149969770354,1.363669736218165,-1.2074136353712812
-1.4619494512273192,-0.1160924522144648,0.3680770493543465,-1.619112204096641,-0.6674373321064307,2022,Australia,-6.674373321064307e-07,12.593084360134851,-0.2273327788869879,50.108562021948266,-1.4619494512273192,-0.1160924522144648,0.1697212968065706,-1.4619494512273192,-0.1160924522144648,0.1697212968065706
0.995689350753101,-0.1813224128075855,0.2302516138512414,-0.302546571976908,0.4003164029999692,2023,Australia,4.003164029999692e-07,-5.491294907401289,-0.7610477071163861,-159.97812584689734,0.995689350753101,-0.1813224128075855,-0.18054079548537058,0.995689350753101,-0.1813224128075855,-0.18054079548537058
-0.2506751929069329,0.1881132650063888,-1.0275277705981145,-1.2111428347247228,-0.9591944532415062,2000,Japan,-9.591944532415062e-07,-1.3325687602607883,0.8483959030542929,0.0,-0.2506751929069329,0.1881132650063888,-0.04715532899382951,-0.2506751929069329,0.1881132650063888,-0.04715532899382951
1.282559911268936,1.5306209544390967,-0.2845160851398635,-0.8993669995238075,0.9552734208702636,2001,Japan,9.552734208702636e-07,0.8379338265397716,0.3163518359494442,-199.5912161128547,1.282559911268936,1.5306209544390967,1.9631130755117823,1.282559911268936,1.5306209544390967,1.9631130755117823
0.5582629060539412,-0.3360929886590529,-1.4699699643428137,-1.3016235957344335,-1.2613750035144935,2002,Japan,-1.2613750035144935e-06,-1.6610419911563814,1.129336544371674,-232.04334758580094,0.5582629060539412,-0.3360929886590529,-0.18762824855315718,0.5582629060539412,-0.3360929886590529,-0.18762824855315718
0.7976243986531463,0.5329970622718585,-1.4641448367797494,-1.0705748619796671,-0.6522339412572935,2003,Japan,-6.522339412572935e-07,1.4964864886250067,1.367626175808463,-48.29182919908725,0.7976243986531463,0.5329970622718585,0.42513146127848467,0.7976243986531463,0.5329970622718585,0.42513146127848467
-0.8150120086452012,0.5780470916293948,-1.4893087867715369,-1.484315534409289,-1.3516112391471249,2004,Japan,-1.3516112391471249e-06,-1.409938066481381,1.003364686019352,107.22798272988689,-0.8150120086452012,0.5780470916293948,-0.47111532124038974,-0.8150120086452012,0.5780470916293948,-0.47111532124038974
1.0767987357325883,-1.1357076631090686,0.6675895993238927,-1.0136701552367338,0.1002145076518596,2005,Japan,1.002145076518596e-07,-0.9481310365695873,-0.6585872677244311,-107.41444764214121,1.0767987357325883,-1.1357076631090686,-1.2229285757976573,1.0767987357325883,-1.1357076631090686,-1.2229285757976573
-1.252788753392496,-0.9112095062094124,0.904463102452144,1.1540098713704892,-0.1165215502008095,2006,Japan,-1.165215502008095e-07,1.3748650773729523,0.7837561368707167,-216.2721375687438,-1.252788753392496,-0.9112095062094124,1.1415530213634817,-1.252788753392496,-0.9112095062094124,1.1415530213634817
1.177580827687491,-0.3762167217726959,0.7198532126982462,-1.130207967634696,0.565331321888426,2007,Japan,5.653313218884261e-07,-3.130068095343895,-0.6369215845525703,-585.1731897783304,1.177580827687491,-0.3762167217726959,-0.44302559861496577,1.177580827687491,-0.3762167217726959,-0.44302559861496577
-0.608574386811669,1.3577002436438457,-1.5121665848456476,-1.5496079484456355,-0.8789606460867009,2008,Japan,-8.789606460867009e-07,-0.44823880780896685,0.9758387998727398,-255.4770825629529,-0.608574386811669,1.3577002436438457,-0.8262615932496069,-0.608574386811669,1.3577002436438457,-0.8262615932496069
-0.8921307634040178,-1.6637568898757382,-0.938274711386937,0.1968997558509993,-1.8841156786091315,2009,Japan,-1.8841156786091315e-06,0.5362149392424683,-4.765216402200902,114.357228278373,-0.8921307634040178,-1.6637568898757382,1.4842887042835367,-0.8921307634040178,-1.6637568898757382,1.4842887042835367
-0.1819607219069866,1.3449721480270167,1.228751861386421,-0.6498780748761822,1.4183260525361767,2010,Japan,1.4183260525361766e-06,-0.13528948304574742,-1.8907450483932349,-175.27807706494943,-0.1819607219069866,1.3449721480270167,-0.2447321029997864,-0.1819607219069866,1.3449721480270167,-0.2447321029997864
-0.7207321860904626,-0.4369760389242796,0.4548040560019752,-0.9087783216272808,-0.357738963233144,2011,Japan,-3.5773896323314404e-07,1.6493669475142567,-0.5004570923794522,-125.22261807103196,-0.7207321860904626,-0.4369760389242796,0.3149426958030471,-0.7207321860904626,-0.4369760389242796,0.3149426958030471
0.4922451150572504,-0.3337396067608473,0.3244850987440002,-0.3188212504835928,0.1864550999324658,2012,Japan,1.864550999324658e-07,-1.4749420806744924,-1.0177681569844288,-152.1204339184463,0.4922451150572504,-0.3337396067608473,-0.16428169112915478,0.4922451150572504,-0.3337396067608473,-0.16428169112915478
-0.6041909814503162,1.53874198062852,1.0453141534807673,-1.357927341819224,1.09535464667202,2013,Japan,1.09535464667202e-06,-0.3926523071471796,-0.7697870799680874,487.46295867946674,-0.6041909814503162,1.53874198062852,-0.929694027474749,-0.6041909814503162,1.53874198062852,-0.929694027474749
1.3047835982925065,-0.0627212871976231,1.4914788917215045,0.9579884992209492,1.7249934534262144,2014,Japan,1.7249934534262143e-06,-20.80321466292574,1.5568843843637081,57.48264351342327,1.3047835982925065,-0.0627212871976231,-0.08183770679925238,1.3047835982925065,-0.0627212871976231,-0.08183770679925238
-0.1693596962865207,-1.6778702650638333,-0.6410213269000579,0.0515460909373471,-1.4228194217086183,2015,Japan,-1.4228194217086182e-06,0.10093736133850544,-12.435645062476699,-182.4825983474075,-0.1693596962865207,-1.6778702650638333,0.28416359849939477,-0.1693596962865207,-1.6778702650638333,0.28416359849939477
0.5232718583400032,-0.8600919494628295,-1.0816488125475652,1.0811134388291992,-0.8380818503207018,2016,Japan,-8.380818503207018e-07,-0.6083913086945202,-1.0004942804380124,-41.097103572407235,0.5232718583400032,-0.8600919494628295,-0.45006191273869095,0.5232718583400032,-0.8600919494628295,-0.45006191273869095
1.6903490954114302,0.0701798393808668,-0.9715161650231722,-0.8938815623873537,-0.1666688101159822,2017,Japan,-1.666688101159822e-07,24.08562095186717,1.0868523222257696,-80.11306293625087,1.6903490954114302,0.0701798393808668,0.11862842801356767,1.6903490954114302,0.0701798393808668,0.11862842801356767
-1.5223412960650249,1.4200986947849312,-1.1552620071526598,0.1739945187525132,-0.6265411260891574,2018,Japan,-6.265411260891574e-07,-1.0719960729909022,-6.639607821140928,275.91984106273827,-1.5223412960650249,1.4200986947849312,-2.1618748875591423,-1.5223412960650249,1.4200986947849312,-2.1618748875591423
-0.6720708584303258,0.1691386458882645,0.6630725668140965,1.0629002995598789,0.5024136508092184,2019,Japan,5.024136508092184e-07,-3.9734673376004532,0.6238326805025627,-180.18845529666388,-0.6720708584303258,0.1691386458882645,-0.11367315493586881,-0.6720708584303258,0.1691386458882645,-0.11367315493586881
-0.8970028979756823,-1.7177259593678884,-1.0900661858152036,1.3095955575978624,-1.8186828795938268,2020,Japan,-1.8186828795938267e-06,0.522204031025883,-0.8323679376606381,-461.9891451326101,-0.8970028979756823,-1.7177259593678884,1.5408051634810551,-0.8970028979756823,-1.7177259593678884,1.5408051634810551
1.3228160273521317,0.319325421465801,0.4896324910906417,0.4847300885285709,1.1300883886251991,2021,Japan,1.130088388625199e-06,4.142519811796412,1.010111591102913,-162.13773722209262,1.3228160273521317,0.319325421465801,0.422408785455936,1.3228160273521317,0.319325421465801,0.422408785455936
-1.000266693673736,1.420491709638026,-0.1296192481884152,-0.5048268946936422,0.189605844712427,2022,Japan,1.89605844712427e-07,-0.7041688330302145,0.25676030003784917,-83.2220340797333,-1.000266693673736,1.420491709638026,-1.420870545790581,-1.000266693673736,1.420491709638026,-1.420870545790581
0.1422748798025487,-1.5927756503833954,-0.989901300736684,0.7409738224454709,-1.3788661526493404,2023,Japan,-1.3788661526493404e-06,-0.08932517840380108,-1.3359445837439798,-827.2276625969262,0.1422748798025487,-1.5927756503833954,-0.22661196421072388,0.1422748798025487,-1.5927756503833954,-0.22661196421072388
